input_name,num_threads,partition,execution_time,execution_time_error,cycles,cycles_error,LLC_load_misses,LLC_load_misses_error
performance-report/cpuModel/1e6,i7-13700,number of threads:1,10.076,3.21,49010025545,0.09,23526595,0.65
performance-report/cpuModel/1e6,i7-13700,number of threads:1,3.719,13.75,53783163218,0.14,20947405,0.55
performance-report/cpuModel/1e6,i7-13700,number of threads:1,3.843,3.71,51202059366,0.25,24476737,0.60
performance-report/cpuModel/1e6,i7-13700,number of threads:1,6.661,3.19,49526295913,0.36,26324159,0.86
performance-report/cpuModel/1e6,i7-7700,number of threads:1,5.481,4.14,101612407420,0.56,41584769,0.23
performance-report/cpuModel/1e6,i7-7700,number of threads:1,7.198,3.54,77354460742,0.60,34399880,0.21
performance-report/cpuModel/1e6,i7-7700,number of threads:1,9.341,1.69,67066710620,0.04,24988406,0.07
performanceReport/cpuModel/1e4,i7-13700,number of threads:1,0.28028,2.38,545945666,0.10,918,23.08
performanceReport/cpuModel/1e4,i7-7700,number of threads:1,0.19129,2.73,650976670,0.04,9078,12.96
performanceReport/cpuModel/1e4,w5-3423,number of threads:1,0.18606,2.66,561384268,0.07,1139,26.91
performanceReport/cpuModel/1e4,xs-4114,number of threads:1,0.3498,3.24,646978349,0.04,4898,15.57
performanceReport/cpuModel/1e5,i7-13700,number of threads:1,2.3863,1.65,6739349145,0.16,9014,10.33
performanceReport/cpuModel/1e5,i7-7700,number of threads:1,2.2523,1.35,8070619841,0.06,79189,7.69
performanceReport/cpuModel/1e5,w5-3423,number of threads:1,1.84606,0.45,7073471511,0.25,11109,11.99
performanceReport/cpuModel/1e5,xs-4114,number of threads:1,3.0105,0.70,8241106173,0.10,23111,5.67
performanceReport/cpuModel/1e6,i7-13700,number of threads:1,22.834,1.87,79713272675,0.07,28674608,1.60
performanceReport/cpuModel/1e6,i7-7700,number of threads:1,26.011,1.01,100717034166,0.03,137363909,0.41
performanceReport/cpuModel/1e6,w5-3423,number of threads:1,23.048,1.09,87713348841,0.06,33572515,0.66
performanceReport/cpuModel/1e6,w5-3423,number of threads:1,23.349,1.47,87873442132,0.24,33609156,0.39
performanceReport/cpuModel/1e6,w5-3423,number of threads:1,23.909,1.30,87595111614,0.06,33732912,0.35
performanceReport/cpuModel/1e6,w5-3423,number of threads:1,24.553,0.62,87538447785,0.23,31776418,1.23
performanceReport/cpuModel/1e6,w5-3423,number of threads:1,24.967,2.49,87897035964,0.12,31485395,1.76
performanceReport/cpuModel/1e6,w5-3423,number of threads:1,3.180,4.14,94977005391,0.56,17030537,0.75
performanceReport/cpuModel/1e6,w5-3423,number of threads:1,3.5927,2.07,75593656553,0.40,22767221,0.51
performanceReport/cpuModel/1e6,w5-3423,number of threads:1,5.513,3.58,61558420892,1.05,27633201,0.54
performanceReport/cpuModel/1e6,w5-3423,number of threads:1,8.0304,0.83,55528533656,0.04,29747548,0.47
performanceReport/cpuModel/1e6,xs-4114,number of threads:1,10.592,3.71,74937046280,0.09,31757924,0.47
performanceReport/cpuModel/1e6,xs-4114,number of threads:1,13.099,2.68,67001810301,0.01,31422030,0.15
performanceReport/cpuModel/1e6,xs-4114,number of threads:1,34.863,0.40,100145553860,0.14,109351010,0.47
performanceReport/cpuModel/1e6,xs-4114,number of threads:1,35.436,0.36,99996698849,0.11,110491068,2.05
performanceReport/cpuModel/1e6,xs-4114,number of threads:1,35.676,0.66,100273139487,0.04,110079105,1.29
performanceReport/cpuModel/1e6,xs-4114,number of threads:1,37.303,1.09,100199676785,0.11,106323015,0.20
performanceReport/cpuModel/1e6,xs-4114,number of threads:1,37.425,1.58,99783524147,0.12,110012446,0.65
performanceReport/cpuModel/1e6,xs-4114,number of threads:1,4.932,3.47,118508995188,0.47,31422412,0.21
performanceReport/cpuModel/1e6,xs-4114,number of threads:1,7.315,5.31,90291674006,0.52,31360660,0.48
