input_name,partition,execution_time,execution_time_error,LLC_loads,LLC_loads_error,LLC_load_misses,LLC_load_misses_error
performanceReport/carAndDensity/L100n_n1e4,i7-13700,0.07586,2.64,714592,1.67,1175,10.99
performanceReport/carAndDensity/L100n_n1e5,i7-13700,0.2995,7.85,1523246,1.09,9154,13.75
performanceReport/carAndDensity/L100n_n1e6,i7-13700,2.358,9.49,17542193,0.39,3491413,1.16
performanceReport/carAndDensity/L100n_n1e7,i7-13700,25.577,2.26,471665493,0.09,393761262,0.11
performanceReport/carAndDensity/L100n_n5e4,i7-13700,0.07910,3.06,1023905,1.00,3844,12.69
performanceReport/carAndDensity/L100n_n5e5,i7-13700,0.9989,3.93,7088429,0.59,94470,5.32
performanceReport/carAndDensity/L100n_n5e6,i7-13700,13.461,3.38,215082346,0.17,172431715,0.20
performanceReport/carAndDensity/L10n_n1e4,i7-13700,0.05853,4.71,986314,0.31,1336,11.61
performanceReport/carAndDensity/L10n_n1e5,i7-13700,0.4035,4.32,5213955,0.56,8502,22.45
performanceReport/carAndDensity/L10n_n1e6,i7-13700,2.7362,2.20,51167323,0.28,21715262,0.74
performanceReport/carAndDensity/L10n_n1e7,i7-13700,42.42,2.68,888699745,0.10,805507418,0.11
performanceReport/carAndDensity/L10n_n5e4,i7-13700,0.3790,6.61,3032186,0.41,3959,24.83
performanceReport/carAndDensity/L10n_n5e5,i7-13700,1.1138,1.06,21464113,0.36,545408,2.23
performanceReport/carAndDensity/L10n_n5e6,i7-13700,19.742,2.08,403442643,0.09,353317483,0.07
performanceReport/carAndDensity/L20n_n1e4,i7-13700,0.08529,5.01,870102,0.18,1364,12.86
performanceReport/carAndDensity/L20n_n1e5,i7-13700,0.37410,1.60,5601812,0.41,7175,12.68
performanceReport/carAndDensity/L20n_n1e6,i7-13700,2.5978,2.12,52018663,0.45,21759195,0.84
performanceReport/carAndDensity/L20n_n1e7,i7-13700,40.244,1.44,907957664,0.06,814280684,0.12
performanceReport/carAndDensity/L20n_n5e4,i7-13700,0.23014,2.76,3032540,0.41,3485,17.30
performanceReport/carAndDensity/L20n_n5e5,i7-13700,1.2150,1.80,22005704,0.37,537670,2.48
performanceReport/carAndDensity/L20n_n5e6,i7-13700,20.277,2.61,414253876,0.11,357957399,0.12
performanceReport/carAndDensity/L50n_n1e4,i7-13700,0.07834,3.27,706522,0.29,1454,19.25
performanceReport/carAndDensity/L50n_n1e5,i7-13700,0.30793,1.37,2341577,0.74,8280,8.20
performanceReport/carAndDensity/L50n_n1e6,i7-13700,2.1265,2.38,29752795,0.55,8684930,0.68
performanceReport/carAndDensity/L50n_n1e7,i7-13700,31.134,0.81,833307322,0.10,702001776,0.09
performanceReport/carAndDensity/L50n_n5e4,i7-13700,0.09299,1.88,1448735,0.59,3913,12.58
performanceReport/carAndDensity/L50n_n5e5,i7-13700,0.9805,3.61,14268137,0.38,238842,2.76
performanceReport/carAndDensity/L50n_n5e6,i7-13700,15.713,3.81,340314694,0.14,275551421,0.09
performanceReport/cpuModel/1e4,i7-13700,0.09237,5.06,1117633,6.64,2480,24.54
performanceReport/cpuModel/1e4,i7-7700,0.1432,10.79,554647,2.86,15401,3.71
performanceReport/cpuModel/1e4,w5-3423,0.07020,5.84,639780,2.85,2242,18.43
performanceReport/cpuModel/1e4,xs-4114,0.1754,9.87,675180,3.71,7300,12.93
performanceReport/cpuModel/1e5,i7-13700,0.3587,6.27,5326614,0.61,9981,14.13
performanceReport/cpuModel/1e5,i7-7700,0.5422,3.17,5534076,1.47,68297,8.65
performanceReport/cpuModel/1e5,w5-3423,0.3318,6.70,5625677,2.65,15305,11.43
performanceReport/cpuModel/1e5,xs-4114,0.4522,3.68,3905896,2.73,22949,4.67
performanceReport/cpuModel/1e6,i7-13700,2.814,3.81,51382678,0.43,22593828,0.80
performanceReport/cpuModel/1e6,i7-7700,4.1308,0.71,72107980,0.65,42148810,0.15
performanceReport/cpuModel/1e6,w5-3423,2.5791,2.07,65028955,0.42,15898527,0.49
performanceReport/cpuModel/1e6,xs-4114,4.1399,1.27,47087338,0.96,31832867,0.30
performanceReport/cpuModel/1e7,i7-13700,40.916,1.67,892413927,0.07,808076468,0.09
performanceReport/cpuModel/1e7,i7-7700,53.677,1.34,974334102,0.08,645662460,0.07
performanceReport/cpuModel/1e7,w5-3423,57.05,6.73,775945541,0.14,688047214,0.13
performanceReport/cpuModel/1e7,xs-4114,54.21,2.38,624696649,0.11,515675629,0.15
performanceReport/cpuModel/5e4,i7-13700,0.17127,3.11,3010659,0.49,3334,10.64
performanceReport/cpuModel/5e4,i7-7700,0.3372,3.55,2755005,1.73,25062,5.80
performanceReport/cpuModel/5e4,w5-3423,0.2044,13.36,2994818,1.61,7284,10.74
performanceReport/cpuModel/5e4,xs-4114,0.2397,4.49,1921494,1.63,12443,4.86
performanceReport/cpuModel/5e5,i7-13700,3.467,2.93,21579789,0.54,594110,2.56
performanceReport/cpuModel/5e5,i7-7700,2.8594,2.98,32734426,0.74,15987817,0.33
performanceReport/cpuModel/5e5,w5-3423,1.922,8.33,28373163,0.78,328713,5.83
performanceReport/cpuModel/5e5,xs-4114,2.171,5.10,19976236,2.02,3245423,2.58
performanceReport/cpuModel/5e6,i7-13700,34.95,4.25,403333197,0.08,353225510,0.07
performanceReport/cpuModel/5e6,i7-7700,36.88,4.15,463613109,0.09,294491601,0.16
performanceReport/cpuModel/5e6,w5-3423,32.25,6.12,380926817,0.22,325382700,0.21
performanceReport/cpuModel/5e6,xs-4114,29.49,3.47,296992850,0.14,237284720,0.14
performanceReport/pDecpStart/s0_d,i7-13700,3.676,8.39,50526291,0.20,21966310,0.86
performanceReport/pDecpStart/s10_d,i7-13700,3.014,3.82,52206582,0.47,23292913,0.25
performanceReport/pDecpStart/s2_d,i7-13700,3.245,5.86,51471745,0.61,22600990,0.66
performanceReport/pDecpStart/s4_d,i7-13700,2.816,5.01,50763538,0.45,22596623,1.01
performanceReport/pDecpStart/s6_d,i7-13700,3.117,3.28,51976063,0.42,23075102,0.72
performanceReport/pDecpStart/s8_d,i7-13700,3.004,5.35,51754362,0.48,23049867,0.45
performanceReport/pDecpStart/s_d0,i7-13700,1.9243,4.37,20440442,0.47,2543745,2.13
performanceReport/pDecpStart/s_d10,i7-13700,2.414,4.80,16438619,1.54,2386559,2.54
performanceReport/pDecpStart/s_d2,i7-13700,3.273,5.69,53687298,0.54,23161857,0.76
performanceReport/pDecpStart/s_d4,i7-13700,3.303,4.70,52129751,0.52,23047479,0.41
performanceReport/pDecpStart/s_d6,i7-13700,2.6333,2.33,51033120,0.41,22563747,0.74
performanceReport/pDecpStart/s_d8,i7-13700,3.106,4.19,51946691,0.34,22532006,0.77
